"feature1","feature2","feature3","feature4","feature5","feature6","feature7","feature8","feature9","feature10","feature11","feature12","feature13","feature14","feature15","feature16","feature17","feature18","feature19","feature20","feature21","feature22","feature23","feature24","feature25","feature26","feature27","feature28","feature29","feature30","feature31","feature32","feature33","feature34","feature35","feature36","feature37","feature38","feature39","feature40","feature41","feature42","feature43","feature44","feature45","feature46","feature47","feature48","feature49","feature50","feature51","feature52","feature53","feature54","feature55","feature56","feature57","feature58","feature59","feature60","feature61","feature62","feature63","feature64","feature65","feature66","feature67","feature68","nlinks","nusermentions","nhashtags","nTweets","gender","extS","neuS","agrS","consS","openS"
0.0111816334844612,0.000722250390251576,0,0.000722250390251576,0.0058603948857182,0.00159393303988929,0.00541572996662678,0.00251753044112649,0.000203778522546605,0.00791324240291136,0.00183394380316024,0.0418384416154072,0.023888720232653,0.00225881846171424,0.00701868643602033,0.0170228940522965,0,0.0083315551820787,0.00269182806054665,0.04542627457022,0.00286316259196375,0.0220827972080237,0.00815029742303743,0.00225881846171424,0.0113739449603481,0.00550165655933985,0.023770553174105,0.00675752287760271,0.0122722847073944,0.00248192712739366,0.0472493287451153,0.0299471232902068,0.0107466384478385,0.00225881846171424,0,0.00155509979693598,0.0255494404405276,0.0162110603199,0.105649164695327,0.00458068333430649,0.00483642583516557,0,0,0.00397638548357974,0.00808732405600973,0.0142103872244524,0.0187890408994214,0.00375400992397726,0.0108137286283884,0.00696295109547549,0.00578435941816091,0,0.00137082437420987,0,0.00441353504395104,0.00122788925177911,0.00181482141796206,0.00181482141796206,0,0.0193053845780484,0.0110104423513163,0.00181482141796206,0.0053690180555862,0.00381391825865022,0.00137082437420987,0,0,0,14,123,20,202,"M",0.2,0.4,0.2,0.1,0.4
0.00417720343168504,0.000499169994485799,0.000564480440115604,0.0010636504346014,0.00247299343536058,0.000640559561723049,0.00153583622152622,0,0.000790954287048324,0.00892319250420139,0.000999156436053068,0.0465000642035983,0.0357537691213178,0.00519717386906196,0.00742727764028332,0.0107462950822805,0.00281542083427169,0.0015611405882184,0.00199317223730032,0.023964020239471,0.0037500077847368,0.00942896152575944,0.00428942579598966,0,0.011284195662206,0.00556515695158491,0.0131979696181799,0.00840372693135832,0.00323310209860316,0,0.0388501866417581,0.0155578279894432,0.00547408627962587,0.000947419903888168,0.00195395494231017,0.00638387089838248,0.031283796741206,0.0186851823285004,0.0795328119062827,0.00306706757151045,0.0128329362966042,0.00214955690585646,0.00240977352675687,0.00827139888123649,0.00190882214913929,0.0208071644031837,0.0368626816519229,0.00514447953325321,0.0225438915315044,0.00917431058716539,0.00428440177874122,0.000999156436053068,0.0026446857809651,0,0.000640559561723049,0.00321150240536163,0,0,0,0.00779243253121649,0.0015611405882184,0,0.00372273145089151,0.00250856049210657,0,0,0,0,35,114,114,202,"F",0.4,0.5,0.2,0.2,0.2
0.00873971190334707,0.00276503195783983,0.000470624424747535,0.00323565638258737,0.00112115454623457,0.000842267543751639,0.00443455389223791,0.00640742039833155,0.00160343225280414,0.00529127355882097,0.00170055030493702,0.0454520789628956,0.0214970402824507,0.00197943730741994,0.00463170722807988,0.0227848544531631,0.00425476086350255,0.00784029153420681,0.00323966883510663,0.0352452593501141,0.00524800447208723,0.0200142117382235,0.00155873089242708,0,0.00758158339114025,0.0106001828612818,0.0187956374788729,0.00301941087655577,0.00478598997187118,0.00869889785692959,0.0225587910155835,0.0100211658624671,0.00278610654493867,0.00229133877351634,0.00590988390783407,0.00155029592682726,0.0250248808096735,0.0190917967547836,0.083902337933158,0.000248675807020889,0.00492506715074235,0.00127817667975419,0,0.00373207819825205,0.00432749773988571,0.00867648466473314,0.00185246177344199,0,0.00185246177344199,0,0.00987208698173288,0.0039148077280656,0.00285191604663362,0.0015550672802064,0.00155029592682726,0.00625053694989363,0.00229133877351634,0,0.00229133877351634,0.0251826434424588,0.0173959898185875,0.00402210027391539,0,0.00610492180451938,0,0.00117018422728177,0,0,19,64,0,202,"F",0.2,0,0.1,0.1,0.4
0.010111903589669,0.00235234379307365,0,0.00235234379307365,0.00491726682185152,0.00146365185151857,0.004043329760835,0.00179319456381516,0.000397992623762876,0.00516664193410199,0.00108873506162964,0.0866688377882649,0.0374358992477149,0.00226725754911277,0.0136937461977492,0.048243349674329,0.00676127048104375,0.0183460966063151,0.0117098961308286,0.125666044511632,0.0429047231129018,0.0548829023579585,0.0145917242524377,0.00676127048104375,0.0162560532765347,0.0108124139293955,0.0294075337536063,0.0119186512815866,0.0164992936057987,0.000989588866220963,0.0742939849462732,0.0587584627969919,0.00775955979659536,0,0.00312405761895572,0.000870310792356523,0.0140721003322099,0.0522099515364269,0.121229209418086,0.0030186296037894,0.00213339074168881,0,0,0.00542215036482467,0.00331694784957901,0.00994658759565386,0.0028467485495767,0,0,0.0028467485495767,0.00312405761895573,0,0.00312405761895573,0,0,0,0,0,0,0.00431040040109527,0,0,0.00189862257898148,0.00241177782211379,0,0.00241177782211379,0,0,5,152,1,168,"M",0.4,0.4,0.1,0.1,0.5
0.00411468169649575,0.000484837390683731,0.00084632208655187,0.0013311594772356,0.000996536042069712,0.000920216758132963,0.000675986725121687,0.000571521195646466,0.00161197442741303,0.0069605902718677,0.00412431215200576,0.0384404578508344,0.0318563537938486,0.00361397905950619,0.0119926241511092,0.00658410405698581,0,0.000824266250204194,0.00168328781033894,0.033250238954783,0.00213848301692333,0.0162886711119559,0.00671781124843881,0.00303263151889555,0.00620634645625991,0.00621515521919589,0.0208443610533173,0.00864149579905064,0.00842436475848136,0.00377850049578527,0.0314790126300761,0.0178920237848879,0.00445411055601621,0.00161543967319359,0,0.00399220636627221,0.0275267636571908,0.034422306142422,0.0652027821096381,0.00206860076515531,0.0113736524738027,0.000679585026760394,0.00104391847754712,0.00688122497178181,0.00148214206359484,0.0105401508104178,0.02786900786167,0.00513050380779723,0.0130489053252386,0.00968959872863417,0.00732128598010572,0.000351868968303538,0.00179830247598329,0.00121826625879037,0.00395284827702852,0.0050139688298919,0.00151631575944778,0,0.00151631575944778,0.0170965445863894,0.00711769653688468,0,0.00729771337034204,0.00268113467916266,0.000920216758132963,0,0,0,26,140,117,202,"F",0.4,0.5,0.2,0.2,0.2
0.00471824035238757,0.00190232091584817,0.000407621477563591,0.00230994239341176,0.00152464706629072,0,0.00360272885333861,0.00291562149835678,0.000310515323563211,0.00466542971537781,0.00116215347300372,0.0402003696691181,0.0205228882427229,0.00616917043952426,0.00260612871410047,0.0196774814263952,0.00110706593069032,0.0109365057047446,0.00054758413233762,0.0299541441599155,0.00288059291366882,0.017767027297262,0.00602115370830547,0,0.00848789588212926,0.00789432534992538,0.0143196398407531,0.00547827841667853,0.00662722956269393,0.00221413186138064,0.0229221171680325,0.0116551577827054,0.00254212737037059,0.00490021653283787,0.00221413186138064,0.000111420837327902,0.0158990413218763,0.0311268769727829,0.0589044201949662,0.00107260939582657,0.00775714159664997,0.00187075459208478,0,0.00379684439911072,0.00178825052362127,0.0164824070800856,0.00494025457110405,0.00247012728555202,0.00247012728555202,0,0.00215412922863651,0.00215412922863651,0,0,0,0,0.00405105061421019,0.00247012728555202,0.00158092332865816,0.0218147177466908,0.0163674621073635,0.00202706106467842,0.00342019457464889,0,0,0.00352612384808857,0,0,10,57,0,202,"M",0.1,0.1,0,0,0.3
0.00704837754191134,0.000440283256226574,0.000926012227012387,0.00136629548323896,0.00375913298711265,0,0.00425655656482833,0.0016096777407474,0.0010516542034193,0.00749259492955848,0,0.0619522213223858,0.0252531936459579,0.00329630010155329,0.00532012206692116,0.0366990276764279,0.00512200306703095,0.0169341759322666,0.0100657512612515,0.0411713427841446,0.00659230964701027,0.0185829372319987,0.00748672069962407,0.00205760689193691,0.0182548483940395,0.0101797958650484,0.0162936150847122,0.00550874867984811,0.00963707229612162,0.00114779410874247,0.0370446591995605,0.024374784994502,0.00468514521412503,0.000965278273583495,0.00105081760877979,0.00371620085029305,0.0441940967613518,0.013040956239677,0.0970766262990967,0.000893236845285736,0.00201771499038715,0,0,0.00380826361665933,0.00298078106081131,0.0203940502913279,0.0160546034757944,0.00851275150686888,0.00069822000791876,0.00684363196100681,0.0165545966859978,0.0045474506483864,0,0.0102440061340619,0.00176313990354949,0.00176313990354949,0.00256100153351548,0.00256100153351548,0,0.0224003720343544,0.0136666389469739,0.00256100153351548,0.00459683873968667,0.00157589281417836,0.00411521378387383,0.0039881634391039,0,0,3,73,1,202,"F",0.5,0.3,0,0.1,0.3
0.00540546471684748,0.000391508382488463,0,0.000391508382488463,0.00241255456087903,0.0017121643081895,0.00351840892771589,0.00533241250308268,0.000287675224425126,0.00524282011810129,0.00330874530986974,0.0612697530505401,0.0291234542838883,0.00510200185428389,0.0101271996162211,0.0321462987666519,0.00189774339162609,0.0213126039944973,0.00292935294888289,0.0323595589767124,0.00172282127443722,0.0151458334782565,0.00571662478586556,0,0.0138054720302734,0.00819927109564058,0.0110199644006124,0.00418103265986087,0.00513786389185932,0.00170106784889219,0.0288684568012129,0.00880707302888951,0.00459325972711078,0,0.0076954604137163,0.00692212970705017,0.0190541382337016,0.0226072498990936,0.0720515629727392,0.00426355077477984,0.0122738989522565,0.0017121643081895,0,0.00506237948136863,0.00137433850619769,0.013419530806659,0.00652906941957138,0.00213201382064722,0.00130651507103171,0.00309054052789244,0.0084181007711733,0.00240548232633386,0.000850533924446094,0.00307689667358678,0.00360990769981559,0.00354652167447806,0.00189774339162609,0,0.00189774339162609,0.0108238200141976,0.00255632941026581,0.000778672775774859,0.00233812462828851,0.00362597334685941,0.00152471985300901,0.0057557679511276,0,0,7,99,11,202,"M",0.3,0.4,0.2,-0.1,0.4
0.00991075047333292,0.000508581066731282,0.00374856468827993,0.00425714575501121,0.00186076740999091,0.000642468282662827,0.00486782054521733,0.00121227673230381,0.00147375933998139,0.0154717840408574,0.0127393893574354,0.0331730571190066,0.0169509237681769,0.00262981301672298,0,0.0162221333508297,0,0.00524339028996424,0.00918383214519651,0.0288717052047096,0.00187703903275998,0.0127135393403707,0.00976484358845973,0,0.0150312784976898,0.00739801982262624,0.0118117892412428,0.00341955274931867,0.00664443972860271,0.00174779676332141,0.0304467883676775,0.0153107637121879,0.00625180038093367,0.00174779676332141,0.00499326066062378,0.00116819401392317,0.0254844940267382,0.0183329876992914,0.078643152834997,0.00545259301693092,0.0106661254678414,0.00185999394537688,0,0.00668722625290113,0.00338472179869029,0.0125444904453803,0.0163215477912069,0.00844087346797973,0.00613287755990574,0.00174779676332141,0.00835008454425673,0.00619257063838424,0.000974972836687497,0.00118254106918499,0,0.00454047832735047,0.00706328014711202,0.00217539618898048,0.00488788395813155,0.00873951769424391,0.00499326066062378,0.00174779676332141,0.00207513898118828,0.00167111805243186,0.00349559352664282,0.00132019733766235,0,0,40,55,18,202,"M",0.2,0.1,-0.2,0,0.2
0.00376583239662409,0.000156254829212755,0.00119655879501904,0.0013528136242318,0.00185202103880164,0,0.00362711339880331,0.000409801798129005,0.000366286591886919,0.00365118374296224,0.0040824548766427,0.0540715000594501,0.0287034436180474,0.00269478560941116,0.00294328870628618,0.0244357286520105,0,0.00798357979382497,0.00508656236678213,0.0751028126983832,0.00793581802573605,0.0417536325088971,0.00606602812631449,0.0022722239125256,0.0166891675508617,0.00773236963059709,0.0154542172502617,0.00593618985061045,0.00676010773877798,0.000932327789392154,0.0478995555166177,0.0131915609147735,0.00360957756741134,0.00495424962318021,0.00432224853672282,0.00667752153248172,0.01187675004742,0.0425340070028947,0.114744453691489,0.00239732908418738,0.00363250551253491,0.00239732908418738,0.00123517642834753,0.00106612100949466,0.00108827912526212,0.00951474753905745,0.0247330689026705,0.00738840895028306,0.00713806746747993,0.0124788163974331,0.0137654375116114,0.00137895983043664,0.0123864776811748,0,0,0.00579200523192636,0.0022722239125256,0.0022722239125256,0,0.00791029822822294,0.000671064793760579,0,0.00279950530419708,0.00306076829982865,0.00137895983043664,0,0,0,8,162,1,202,"M",0.4,0.4,0.1,0.1,0.5
0.00122907650314004,0.000813019932001161,0,0.000813019932001161,0,0,0.000463373127990316,0,0.000133229564516159,0.00836876425289631,0.00537842640486083,0.0186235977780095,0.0130235816414878,0.000944487454323571,0.0048047669792552,0.00560001613652173,0,0,0,0.0114293925875613,0,0.00396190625883241,0.00488327637205589,0,0.00526188621324672,0.000999003384319351,0.0053603827368922,0.00321470353775483,0.000463373127990316,0.00168230607114705,0.0167968608472933,0.00261314454401893,0,0,0.0112608743900166,0.000338631956584799,0.0364235738061194,0.0312241683246176,0.0363303545965646,0.00578852456476599,0,0,0,0.00276874811637458,0,0.0070016808510626,0.033021862610254,0.0316070674935801,0.00141479511667385,0,0.0384172656866937,0.0134780198360687,0.0100914595500174,0.00807835532408673,0.00978523715636961,0.00426651602782008,0.00375362479667219,0.00375362479667219,0,0.0285133366254899,0.00937471978555157,0,0.00965689038456041,0.0113491966475851,0.00375362479667219,0,0,0,1,10,2,202,"F",0,-0.1,0.1,0.3,0.4
0.0101710539062777,0.005968115430445,0.000929119650592965,0.00689723508103797,0.00105845266531799,0.000758888709722534,0.00146275642381368,0,0.000838259192988607,0.00250393662015928,0.0099643299275212,0.0500983405413413,0.0232776019115559,0.00502938993196512,0.00539785702623615,0.0257663947874192,0,0.012892153563647,0.00583966561040747,0.020148661946957,0.00245654862857678,0.00565991533697455,0.00301190637864628,0,0.00247292419449818,0.00457947922254357,0.0188610416965338,0.00380634760358683,0.00422705214235077,0.00825804645220318,0.0498149383575407,0.014179906525358,0.00306366947566713,0.00686659716892965,0.0147699875130272,0.00601398728896382,0.0613040121568773,0.0298631185730849,0.0660189003385029,0.00234422180033749,0.00886737466717464,0,0.00139682703474201,0.0037138825549982,0.000596288016755996,0.0143618523926307,0.00673579619568252,0.00256959549839305,0.00210168908423868,0.0020645116130508,0.0093981272535021,0.00517789989598676,0.00422022735751534,0,0,0.0127435541786127,0,0,0,0.0475390248994189,0.0283151043054738,0.0181993230048681,0.00316588351514904,0.00632891504224792,0.00256959549839305,0.00973164779996645,0,0,34,30,3,202,"M",0.1,0.2,0.3,0.1,0.2
0.0101144805817127,0.000195899841684145,0.000824040642490189,0.00101994048417433,0.00553589964484581,0,0.00252338031181142,0.00229140431037184,0.000778572677834791,0.00388872763904686,0.0045301800326769,0.0274653663476338,0.0161799212197942,0.00397344860872751,0.00517059174727809,0.0112854451278396,0.00156898461655148,0.00384797110024531,0.00172031643466079,0.0530659224784238,0.00633332447087758,0.026657628935459,0.00789293586786164,0,0.0214668629330682,0.00916012401047771,0.0158423343338478,0.0040858696822283,0.0101874800350681,0.00156898461655148,0.0454500766012315,0.0321301413409719,0.00766267408681226,0,0.000447961303071401,0.00337827468975358,0.0275384465500152,0.0175181941682583,0.0892735711450865,0.00122011872827115,0.0143780518655387,0,0,0.00469888937726622,0.00304655360792162,0.0126782750205851,0.00674829026955732,0.00156898461655148,0.00517930565300585,0,0.00638899814801009,0,0,0.00227898648369383,0.00411001166431626,0.00227898648369383,0,0,0,0.0104484857365473,0.00951338316206764,0,0.00093510257447963,0,0,0,0,0,17,121,28,202,"M",0.2,0.4,0.2,0.1,0.4
0.00736646457011989,0.000234243227067163,0.000985329736216027,0.00121957296328319,0.00132172873304885,0,0.00234963767850313,0,0.000219641604031836,0.00801746995855652,0.00403930342835422,0.0290400262359614,0.0108794022523726,0.00148133258488654,0.00347150191217185,0.0181606239835888,0.00545010290762368,0.00506449950911133,0.00219591865923012,0.0270964405362251,0.0011181297687728,0.0161088154422216,0.00165947342631584,0.00272505145381184,0.00932107953282041,0.00669562733422187,0.0117899475760788,0.00331924401317449,0.00628129267077217,0.00218941089213216,0.048832071928028,0.0127123679151827,0.00508609403915108,0,0.00433197313885089,0.00685744159857788,0.0201117993599205,0.0319461739756659,0.0713759026063894,0.00245279334132426,0.00649790024299166,0,0,0.00310323746387338,0.00167683968483747,0.0281195255728109,0.0223538887839876,0.0120587300322697,0.00222427842961148,0.0043187178227377,0.033647593346754,0.000632362380759028,0.0302901795121831,0.00272505145381184,0,0.00148133258488654,0.000872039558512509,0,0.000872039558512509,0.0144327359629951,0.0103203951757651,0.00330754066090496,0,0.000804800126324965,0.00218941089213216,0.00384318122258464,0,0,3,84,1,202,"M",0.1,0.4,0,0.1,0.2
0.0102933564161969,0.00282162432494226,0.000720167453741582,0.00354179177868384,0.00517300647265976,0,0.00444611649485986,0.0110150403962959,0.00102995588487538,0.00538759346962813,0,0.0351452895092089,0.0266084171909717,0.00150332279916342,0.00912986961900268,0.00853687231823714,0.00164205951442105,0,0.00406992822504047,0.0445890781456439,0.000319471072656023,0.0162558838551192,0.00441686297636499,0,0.0133220931144743,0.00853327106524173,0.0199967202388214,0.00208094075533504,0.0120284640701932,0.00588731541329318,0.0445737626370525,0.0318800190545852,0.00589317392640134,0,0.000720167453741582,0.000495796070406452,0.0210077365555126,0.0407976047371181,0.110743374750457,0.00441686297636499,0.00673752512139503,0.00222349025290501,0.0019916481165221,0.000998888910850283,0.000850209708101851,0.0158156103635907,0.0112701969382732,0,0.00832653923162662,0.00294365770664659,0.00782827142677714,0.00366382516038817,0.00164205951442105,0,0.00252238675196793,0.00398329623304419,0.00600873536079023,0,0.00600873536079023,0.0266306294129241,0.0174301041034966,0,0.0136475058152375,0,0,0,0,0,1,63,1,202,"M",0.1,-0.2,-0.1,0.1,0.2
0.00764790685112255,0.00155733395425574,0,0.00155733395425574,0.00354198110577181,0.0016912153380985,0.00378693403297089,0.00086449581201549,0.000170133528396221,0.00621194738799286,0,0.0774245596517818,0.0310242121339683,0.0106315955128093,0.00342127822506247,0.0430202726397344,0.00107414847735211,0.0216046867673275,0.0075158998412156,0.0280628289050794,0.00166347078886465,0.0132130061686676,0.0120074354113052,0.00117891653624196,0.00798144600826101,0.0057395151320613,0.0147736663137711,0.0032904498269817,0.00750008858623134,0.00398312790055803,0.0364999214540549,0.01361439187376,0.00582492175285325,0.00428341823896009,0,0.00606241502734575,0.0294732352212579,0.0303533148137935,0.0891852490540901,0.00389114705134273,0.00648141087221129,0.00130283084930553,0,0.0029486709923815,0.0036677524609555,0.0160357444231748,0.0134297112414146,0.00707958634873405,0.00635012489268053,0,0.0110636965919954,0.00645683203156341,0.00330002398223034,0.00130684057820162,0,0.00794976961717379,0.000766958109364679,0,0.000766958109364679,0.0280833511778361,0.0200902471294255,0.000983394256729752,0.00346514164227724,0.00354456814940364,0,0.00353674960872588,0,0,0,73,1,202,"F",0.5,0.3,0,0.1,0.3
0.013449832496013,0.000576266881111202,0.00256307438505964,0.00313934126617084,0.00184475100656413,0.00692768469242746,0.00260435420494077,0.0024089512536739,0.00142986866474196,0.0153825592630145,0.00792471291643416,0.0519818991488056,0.0294600041648683,0.0051455551776393,0.00690764876805267,0.0225218949839373,0.0110290323681369,0.00158074612042368,0.00229607034039319,0.0430912796248427,0,0.0146786758431131,0.00500796841098916,0.00459214068078637,0.0115211676398885,0.00900560813613432,0.0166047819321114,0.00746555546017385,0.00729447546537341,0.00184475100656413,0.0437707787889812,0.0184422203463253,0.0127289417567863,0.00184475100656413,0.00406413090850547,0.00439466443040681,0.0281854957202772,0.0198900260239427,0.0748322319318426,0.00313236397722168,0.0122019371021727,0.00278686334547014,0.00124813929940965,0.00599009085740748,0.00456894471039594,0.0106710587855078,0.0201886078763402,0.00102905678714842,0.0141533078417803,0.00500624324741148,0.0149481212844639,0.00723371165293109,0.00229607034039319,0.000625990351927164,0.00479234893921249,0.00229607034039319,0.00414082134695731,0.00184475100656413,0.00229607034039319,0.0129677900341466,0.00809913355338526,0,0.000865421900454168,0.00170716423991399,0.00229607034039319,0,0,0,33,42,38,188,"M",0.2,0.1,-0.2,0,0.2
0.00980494302236435,0.000462926395118227,0,0.000462926395118227,0.000555440255141596,0.00198812163074563,0.00265609366126335,0.000607047059206482,0.000238934779439968,0.00423151371739379,0,0.0375954757555265,0.0245434990345406,0.00416586098195768,0.00204267895761383,0.013051976720986,0,0,0.0091335992588845,0.0126182117057834,0.0016556652014475,0.00438589428499783,0.001168085531961,0.0033658877297632,0.00993321171222123,0.00766200861525398,0.0126723417142327,0.00150385043378071,0.00780260355068881,0.0033658877297632,0.021769005072459,0.00453728173424577,0.00556062068601029,0,0.00846033816262808,0,0.0245039051860275,0.025742261932076,0.0811819025971725,0.00234205395719368,0.00174726367674542,0,0,0.00398122813010976,0.000781071775794668,0.0235153301346568,0.0173929087053149,0.00734980284289352,0.00397293478896968,0.00607017107345171,0.0145618531625202,0,0.00486642969102233,0.000917660581836084,0.0087777628896618,0.0045339732617242,0.00107711259754732,0,0.00107711259754732,0.0429431213331801,0.0271044350272153,0,0.00607017107345171,0.00955552619293489,0.00540856668737703,0,0,0,2,52,2,202,"F",0,-0.1,0.1,0.3,0.4
0.00768249580103092,0.00451041708096057,0,0.00451041708096057,0,0.00254398491203032,0.00062809380804003,0.00159898220758629,0.00082018991007237,0.00570363896757929,0.00162819346140874,0.0470953962276243,0.0188248168331761,0.00380964577319399,0.00439999072001554,0.0282705793944482,0.00809076937386331,0.00698196301844594,0.00889993681216852,0.0394775277142769,0.00266817618399318,0.0218241804244807,0.00192567738200542,0,0.0118646554774396,0.00644998280649928,0.0220508179916865,0.00968171339906843,0.00260925719755643,0.00771591230971568,0.0293753441859129,0.00792696572288997,0.00317207872007035,0,0.00736830496368855,0.00527623934991043,0.0348038048654655,0.0435319542116482,0.0890622482059197,0.00132650620229683,0.00612198372003155,0.000543785605292908,0,0.00402144137680346,0.00135686894210142,0.0237098514581438,0.00330063409952176,0.00138290517060837,0.00191772892891339,0,0.0038716463097784,0.00317806563746043,0,0.000693580672317971,0,0.00854958401163565,0.000814096730704369,0,0.000814096730704369,0.0315525299293468,0.00831259480304972,0.00867579016806823,0.0112688350113237,0.00417816529082914,0.00154388525866162,0.000958864464456695,0,0,19,64,0,202,"F",0.2,0,0.1,0.1,0.4
0.0113501091654754,0.00375779382987527,0.000387021923567268,0.00414481575344254,0.0011610657707018,0.000962310765773831,0.000642427500150571,0.0013852914884981,0.00115210994657065,0.0074217148364375,0.000352907995985106,0.028487748529585,0.0120845735701949,0.00192462153154766,0.00161463654260734,0.01640317495939,0,0.00867156849136859,0.00319537653817907,0.0335065342788362,0.00623820855324788,0.0189802552793861,0.00316707116958181,0.0011536411434282,0.00682480888216327,0.00254669113904101,0.0106204976544615,0.00462773482143394,0.00494164357264777,0.00105111926037978,0.0321306584501943,0.0139722287208684,0.00279991796420837,0.00234529696331126,0.00779222364286454,0.00251886243737185,0.00806071598563958,0.0113179313369332,0.0730259014908129,0.0016278067903285,0.00783994962041158,0.00261726727579671,0.00161463654260734,0.00437738443225487,0.0019350953822832,0.00933089420784703,0.0123477359010506,0.00613375457421619,0.00459934478422705,0.00161463654260734,0.00830278351634204,0.00288953533695073,0,0.00191431007265184,0.00349893810673946,0.00499722532902151,0.00075051490334461,0,0.00075051490334461,0.0291740895324154,0.0157696612969352,0.00818953203336199,0.0078999309136934,0.00127489879434339,0.00422959852744338,0,0,0,26,66,29,202,"F",0.3,-0.1,0.2,0.4,0.2
0.00714597175932058,0.000305440124389201,0.00029318482144945,0.000598624945838652,0.00170563653787945,0.00344066518700218,0.00673918238616176,0.0018456800684655,0.000981809585771595,0.0138844983351389,0.000796265518593965,0.0339411914357787,0.0132771483171653,0.00174786001544921,0.00793873826755519,0.0206640431186134,0.00320409261997741,0.0046315275635717,0.00516558871711869,0.0543354503235405,0.0114517216539865,0.0322717133560845,0.00444843954603777,0.00320409261997741,0.0108241521671827,0.0160943725011376,0.0146896920309311,0.00631390561548857,0.00659912873905941,0.00177665767638313,0.0407311851472267,0.0233564806953204,0.00587813210600637,0,0.00264019923555445,0.0074289381667512,0.0184069071813134,0.0267251861551002,0.0750109343829641,0.00127160811756052,0.0109319074257187,0.00305050999322114,0,0.0078633242782182,0.0108513327993507,0.00727589246711935,0.00378560109031444,0,0.00378560109031444,0,0.00122315274051345,0.00122315274051345,0,0,0,0.00451910295451363,0,0,0,0.00949985325087416,0.00416988022172479,0.00532997302914938,0,0.00142743494359429,0,0,0,0,21,136,3,182,"M",0.2,0.2,0.1,0.1,0.5
0.00377522490152809,0.000771543991863711,0,0.000771543991863711,0,0,0.00159670847727647,0,0.000858687137696679,0.00944799975343654,0.00786338233601242,0.0229157984173958,0.0211528180346724,0.00253061647748887,0.00386211597920364,0.00176298038272335,0,0,0,0.0259259461720863,0,0.0171994813067314,0.00306476667571446,0.00137972100120625,0.00110267397679114,0.00139313622064155,0.0125826262806898,0.00308195346588444,0.00669576637333601,0.00280490644146933,0.0285115616785247,0.00667202099391409,0,0,0.00576424673953214,0.0133795188039466,0.0197713520898925,0.0103939988135013,0.0450062207481564,0.00200755713798016,0.00480249644913419,0.00170223246467819,0,0.00426188426778817,0.000346256842893862,0.00236142562880654,0.0154630376322931,0.00418462744267558,0.00516272475734015,0.0061156854322774,0.0152749838417293,0.00225356945307376,0.00924310333721867,0.00152474159836307,0.00225356945307376,0.00503541888482144,0,0,0,0.012048009778688,0.00643819689574934,0.00560981288293866,0.00560981288293866,0,0,0,0,0,58,54,22,170,"F",0.2,0.2,0.1,0.3,0.1
0.00523200161505718,0.000430211417031849,0.00131777880366476,0.00174799022069661,0.00236247401359587,0,0.00376172253935316,0.00192941463060165,0.00186799828347493,0.00873119248955013,0.00324146501313217,0.0380728768201761,0.0137421645736614,0.00073904848201737,0.00102677929746783,0.0243307122465147,0,0.00516841991334604,0.00500852586244348,0.0166627225273209,0.00155793904210528,0.00587551673417406,0.00351386251578392,0.00201053745323247,0.00917138408074121,0.00412062776953634,0.0126584703392418,0.00271891501862077,0.00617782218374144,0.00376173313687956,0.0254722409722788,0.0153461324003427,0.00480179019802533,0,0.00274958593524984,0.00257473243866098,0.0297155342173096,0.0267176422381557,0.07158910708927,0.000847859133552671,0.00741729075041142,0.000534900219585507,0.00172280663778201,0.00386041285289694,0.00291420422769087,0.0125587273094583,0.0199240506882068,0.0120766253523496,0.00509783940060736,0.00476012338848232,0.00759074506315459,0.00455342831245429,0,0.00201053745323247,0.00102677929746783,0.00645396145279957,0.00330321102765733,0,0.00330321102765733,0.0149228149675319,0.00813096952260733,0,0.00878119829494727,0.0015398429785599,0,0.000943196744449232,0,0,20,61,29,202,"F",0.3,-0.1,0.2,0.4,0.2
0.0139475818162349,0.0062653578800119,0,0.0062653578800119,0.00239088298737082,0.00476741785926984,0.000711262103019364,0,0.000770991479971002,0.0127318236769782,0.00336640894447354,0.0536093266220678,0.0210046051524116,0.00646690217561178,0.00690416766626137,0.0326047214696563,0.00485691160460578,0.011082991798594,0.0124408917474819,0.0245506566329666,0.00189884092805289,0.0127503302953747,0.00439468222086093,0.00236339339049731,0.00495639183467033,0.00649796593242668,0.0164197160112328,0.00478170508554029,0.00678109932108673,0.00485691160460578,0.036526664356069,0.00915005463175197,0.00715830084664066,0.00278963785336606,0.00577452040656929,0.00715847852861888,0.0505161228773017,0.0245496668017481,0.0736649367228505,0.00286736733913224,0.00811823041751272,0.00314264578006417,0,0.00965407074032748,0.00375202232906706,0.00889831776212417,0.0212062042200332,0.00236339339049731,0.00981315865171589,0.00902965217782004,0.0100376139353074,0.00554194184618521,0.00449567208912219,0,0,0.0154974017311658,0.00236339339049731,0,0.00236339339049731,0.033351741011121,0.0169017078636904,0.00585102147687977,0.0139948229328978,0.00462579691273335,0.00286857693121695,0.00492191655199094,0,0,13,27,1,202,"M",0.1,0.2,0.3,0.1,0.2
0.00591727598939098,0.000393016369837599,0.00108303266250742,0.00147604903234502,0.00209396123481455,0.00110499652458583,0.00223865227575678,0.00056483928821871,0.00117800618931465,0.00774083517795391,0.00291573666777478,0.0255420023497472,0.0135037000092897,0.00118205791829453,0.00287963752632221,0.0120383023404575,0.00390213241384777,0.00323422595804476,0.00530358033770572,0.0263545246497945,0.00326840157715207,0.0108638643898526,0.00707062140816351,0,0.0107360283985291,0.00483764444022361,0.0146316350078051,0.00604966018185219,0.00637352099456996,0.00220845383138299,0.0459661451521626,0.0342406759986661,0.00612744649446644,0.000590221275667618,0.00070182093765644,0.00035317443324795,0.039141075680407,0.0176671295190255,0.0684896512378538,0.00498726334350689,0.00972853649460174,0.00330429407513761,0,0.00844669452243933,0.00292430000102007,0.0190200369147325,0.0210679685615757,0.00577586340843493,0.0124934300460901,0.00172059978770236,0.00228100692355278,0.000501110666548088,0.00177989625700469,0,0,0.006965538389772,0,0,0,0.00698346464731554,0.00326840157715207,0.00125812773147063,0.000953603339048573,0.00306926136267315,0,0,0,0,22,163,128,202,"F",0.4,0.5,0.2,0.2,0.2
0.00432981737889269,0.000329928611082802,0.00144583632311595,0.00177576493419875,0.00183882587359112,0,0.0012302661917476,0.000360582783210116,0.000794148568755085,0.00838517871998518,0.00499577921326202,0.0406815690495323,0.0217801266343432,0.00210465472335143,0.005485164989696,0.0189014424151892,0.000896058586198431,0.00540945748711417,0.00587680157033001,0.0307559333602285,0.00195499574166933,0.0122364586272855,0.00568161911457819,0.00199931973504211,0.00905520521754585,0.00437549424998374,0.0225240640863583,0.00930645281178151,0.0132176112745767,0,0.050263509074255,0.025542226568129,0.00499162224651697,0.000753572333685288,0.00798755376046137,0.00705645542412786,0.0170171547254109,0.0250285443350245,0.0939555421570614,0.00160530692651094,0.00857512231474706,0.000427361533141423,0,0.00714053838930198,0.000983456483888527,0.0123839620336703,0.0368963538271812,0.0197365928872368,0.0151171404695855,0.00525528083949276,0.00445158266910473,0.00160633018456694,0.00121334063409177,0.000545085593649371,0.00108682625679665,0.00585026543884542,0.00160633018456694,0,0.00160633018456694,0.00819475632310662,0.00160633018456694,0.00160633018456694,0.00498209595397274,0,0,0,0,0,5,16,103,202,"F",0.3,0.3,0.4,0.2,0.1
0.00590370642603465,7.32376598674524e-05,0.000351495571751636,0.000424733231619088,0.0023623913941726,0,0.000583456408342591,0.00118698584080929,0.000858404599901889,0.00876242394184372,0.00644015609487446,0.0416397213758283,0.0246790333629877,0.00554441255513284,0.00256780072895767,0.016086711754078,0.00308464505433971,0.0038413460895974,0.00371370996531973,0.0413339157718259,0.00744974212732586,0.0187016723631506,0.00770810162000347,0.00213001240200592,0.013296080913085,0.00360159362842394,0.0182653146978669,0.00767064061560959,0.00759068542148874,0.00300398866076852,0.0542299295990381,0.0239019412289025,0.0041347008030957,0,0.00740325568019519,0.00555267977718888,0.012409582546752,0.0213392583367351,0.0811896743278591,0.00434277487629974,0.00786789271879806,0.00115787053227571,0,0.00585103182157088,0.00468689731448344,0.0120308572264632,0.046748213063161,0.0160625475036337,0.0252144906642619,0.00742741993063945,0.015925105780283,0.00303342699808795,0.00740991071324304,0.0028964581225979,0.00258530994635408,0.00211250318460951,0.00349325644062631,0,0.00349325644062631,0.00549349709195179,0.00286920421986719,0.00146642233980889,0,0.00286920421986719,0,0,0,0,5,26,92,202,"F",0.3,0.3,0.4,0.2,0.1
0.00563806402764701,0.000377201964312576,0.00134789550297305,0.00172509746728563,0.000282173486895595,0.00135014230147651,0.000343953613997424,0.00108731952676654,0.000987108474315787,0.00599398015781802,0.00684082534151651,0.0661711803476453,0.0459573252510951,0.00894013904365674,0.0103532629567668,0.0202138550965502,0,0.00820751058674034,0.00506017428129976,0.0493621356835973,0.00208530775074798,0.0290951863374572,0.0133217946398851,0.00341015908015055,0.0192002976915916,0.00367578962329882,0.0155941958206904,0.00969893550858097,0.00432159215938917,0.00157366815272029,0.0238054122508056,0.010017540667961,0.0047871088811158,0,0.000449298500991017,0.0040852302308888,0.0222608009311863,0.034631939519348,0.0735892600862391,0.00698179114717959,0.0158130285756318,0.0020622635771775,0,0.00162157307117127,0.000312327794490054,0.00999644930552851,0.0182983790676281,0.00844865630609924,0.00640026675791214,0.00344945600361674,0.0160477956641512,0.00309839225559534,0.00952640825114872,0.00307904154340972,0.00218044454142768,0.0186104576020808,0.00869385921269409,0.00640806978427281,0.00228578942842128,0.011261822128011,0.00412228035585154,0,0.00457157885684255,0.000731471987886612,0.00183649092743026,0,0,0,16,31,70,202,"F",0.3,0.3,0.4,0.2,0.1
0.00117899323711858,0.000130664708299499,0.000627109965482447,0.000757774673781947,0,0,0.00159144890127712,0,0.00165561000235539,0.0109748425733574,0.00373859884197822,0.0318345892336291,0.0120138343214895,0.00357247777589729,0.00461250087203123,0.0198207549121396,0.0026162721149444,0.0118450092312086,0,0.0176954055178939,0.000662724111018449,0.00821907247277797,0,0,0.00342857716304944,0,0.0113200742610435,0.00182904281562158,0.00413155787943542,0.00535947356598652,0.0273860574586371,0.00501341311017133,0.000627109965482447,0.0130251975679886,0.00340635670981637,0.00295910546056871,0.0183148125736012,0.00855659730880528,0.0456751935312541,0,0.00762483366900608,0.00162461009621008,0,0.00529499704086303,0.00528605576568603,0.0139070527987246,0.0118691340128493,0.0108330656140021,0.0040892915288181,0,0.00437202937573332,0.0030532231299709,0.00131880624576242,0,0,0,0.0030532231299709,0.0030532231299709,0,0.0177237374431215,0.00373859884197822,0.0088533830831857,0,0.00282550508194201,0.00461250087203123,0.00766945937420391,0,0,48,16,36,202,"M",0.4,0.3,0.4,0.3,0.3
0.0058258559557034,0.000965849634300924,0,0.000965849634300924,0.00186830805618999,0.000892105859949961,0.00136360308507854,0,0.00013625427838915,0.00528312231051251,0.00136360308507854,0.0472384155359527,0.01099696082891,0.00199948680752333,0,0.0362414547070428,0.00207960091187888,0.00960679124865033,0.012469419502793,0.0332988746342073,0.00452348472477867,0.0169630546996755,0.00755224083678947,0,0.00884401390879017,0.00733426587532046,0.0184942608115584,0.00632054950923242,0.00974679035286195,0,0.0241529836387208,0.0170771221270503,0.00350619788544981,0,0.00194755596191712,0.00162210766430357,0.0211991300337368,0.0329574606520921,0.0920092666491091,0.00254045704847353,0.00472575079807207,0.00135380843595266,0,0.00175210382923878,0.00123822261720909,0.0113821191180884,0.0146414654658159,0.00653716106962214,0.000823541547801614,0.00728076284839215,0.00704525326232303,0.00457462861891818,0,0.00247062464340484,0,0.00658612277322181,0.00302066847542851,0,0.00302066847542851,0.0424810793809589,0.028555941138837,0.0105478588122,0.00847754881722941,0.00123942589753513,0,0.00321813426020813,0,0,7,93,1,202,"M",0.2,0.5,0,0,0.4
0.00819948388938011,0.00227745455079467,0,0.00227745455079467,0.0017440964891691,0,0.000307408514178941,0.00355123072163158,0.00114934184788798,0.01048318165423,0,0.0306083243874596,0.0242924028496937,0,0,0.0063159215377659,0,0.00351198023917491,0.00190570906464319,0.0372424870807843,0.00548191063586933,0.0155654749895627,0.00716715827762827,0.00122492303521725,0.0152039701396006,0.00639359895720349,0.0199729491858686,0.0121365417523904,0.00672034096676606,0.00111606646671219,0.0245773099561797,0.00763785548780437,0.00205150500334805,0.00200072995346061,0.0113253163829675,0.0015619031285992,0.0289211878374352,0.0247627742374241,0.0658763888645846,0.00310440090765053,0.00460166717423976,0.0018859639790123,0,0.00969569560385416,0.00500237956460143,0.00784269266560414,0.0175830975822951,0.00872475681698022,0.00171440270296357,0.0071439380623513,0.0107036506484409,0.000796888181925252,0.00122492303521725,0.0086818394312984,0.00400145990692122,0.0123018279867571,0,0,0,0.0202988383946563,0.0065800559709291,0.00200072995346061,0.00400145990692122,0.0110709955455966,0.00400145990692122,0,0,0,18,69,1,202,"F",0.2,0,0.1,0.1,0.4
0.0101849229425575,0.000352619715031462,0.00195227866074656,0.00230489837577802,0.00260314427152361,0.00321632916977661,0.00101599195293587,0.00810818510216039,0.00101673642257044,0.0136885332646237,0.00146395325600727,0.0487261170279689,0.0297561288700456,0.00614740373187713,0.00370123032958169,0.0189699881579233,0.00227898648369383,0.00227898648369383,0.00525688928742346,0.0483058324802197,0.00432629770599386,0.0173327309029145,0.0127086042934743,0.00567899628086774,0.0124207334483785,0.0120568502002089,0.0149537893769912,0.00600679165611059,0.00711597254025814,0.00183102518062243,0.0262536176638643,0.0132337698369646,0.00805308578689804,0.000858982749409122,0,0.00193382416744282,0.0372036839108079,0.0328356671638044,0.0738644610319589,0.00346504407513785,0.0134358165393774,0,0,0.00466539191436354,0.00838225804940222,0.0159017367842845,0.0185455302286364,0.009789007945184,0.00227898648369383,0.00647753579975861,0.00714294953687501,0.00156898461655148,0.00557396492032353,0,0,0.0140662065281019,0.00227898648369383,0.00227898648369383,0,0.011905049279598,0.00860466268127913,0.00227898648369383,0,0.00330038659831883,0,0,0,0,7,132,28,202,"M",0.2,0.4,0.2,0.1,0.4
0.00432190830131994,0.00162106017507996,0.000400305845297847,0.00202136602037781,0.00182340489098905,0,0.00211082704037522,0.00157021509830879,0.00117235974698693,0.00639690482999728,0.00312402895316848,0.0376904524738214,0.0150175102434838,0.00538813040129496,0,0.021837318653143,0.00509795159150604,0.0131900039098197,0.00354936315181723,0.0266463736817137,0.00405150854005505,0.0129225160485554,0.00940051314029091,0,0.00486710053954233,0.00666092291457889,0.0192746442775699,0.0029735855688983,0.0113923529053008,0.00287216469028267,0.0269764922786492,0.0118677337926121,0.00247511530572846,0.00367277638087836,0.00646501106437871,0.000459314621963424,0.0290588270560972,0.0194226218138208,0.0778318125422513,0.00332801380022755,0.00864169294423383,0.00476992987163718,0,0.00508526385802294,0.00247154739116972,0.0194805406781971,0.0105850132125965,0.00591047131754446,0.00343861247255964,0.00123592942249241,0.00978440152200081,0.00207155299968697,0.00404007214143548,0,0.00163623526779026,0.00671108300814015,0.00293965609726906,0,0.00293965609726906,0.0177476831765922,0.00490870580337077,0.00203654111308811,0.00805230664080228,0.00234982377403316,0.00287216469028267,0.00417320399367386,0,0,7,104,9,202,"M",0.3,0.4,0.2,-0.1,0.4
0.00265856509039756,0.00197750175179127,0.000681063338606292,0.00265856509039756,0,0,0.00042772904122183,0.00204659579635579,0.000245962272952908,0.0101890229821447,0.00206605319853208,0.0437926985772897,0.033392932186209,0.00892020269762158,0.0103791271313556,0.0103997663910807,0,0.00655082974387047,0.00038405221951281,0.0144532466518097,0.00191021317724743,0.00432998521405545,0.0028588626349116,0.00346488442769741,0.00535904598330548,0.00299994798026513,0.0116599812097644,0.00515543829467807,0.00650454291508635,0,0.0192172146946714,0.0125080682617954,0.000681063338606292,0,0.00477084915078096,0.000312583344539814,0.0335889791595581,0.015623759730712,0.046190905732573,0.00527585645156712,0.00883555855501287,0.0037031553663612,0,0.00572615697794826,0,0.00582230868781688,0.0251708172322813,0.0234664559954971,0.00210275775048483,0.00170436123678419,0.0129493440355702,0.00142169441187853,0,0.00283395179684673,0.00869369782684496,0.00188350432738968,0,0,0,0.0201095508003544,0.0152044172382258,0,0.00268754880247242,0.0111732964810935,0,0,0,0,1,13,5,202,"F",0,-0.1,0.1,0.3,0.4
